Jul-21,2
Jun-21,22
May-21,20
Apr-21,22
Mar-21,23
Feb-21,19
Jan-21,19
Dec-20,22
Nov-20,19
Oct-20,21
Sep-20,21
Aug-20,21
Jul-20,22
Jun-20,22
May-20,20
Apr-20,21
Mar-20,22
Feb-20,19
Jan-20,21
Dec-19,21
Nov-19,19
Oct-19,22
Sep-19,20
Aug-19,22
Jul-19,22
Jun-19,20
May-19,22
Apr-19,21
Mar-19,21
Feb-19,19
Jan-19,21
Dec-18,19
Nov-18,20
Oct-18,22
Sep-18,19
Aug-18,23
Jul-18,21
Jun-18,21
May-18,22
Apr-18,21
Mar-18,21
Feb-18,19
Jan-18,21
Dec-17,20
Nov-17,21
Oct-17,21
Sep-17,20
Aug-17,23
Jul-17,20
Jun-17,22
May-17,22
Apr-17,19
Mar-17,23
Feb-17,19
Jan-17,20
Dec-16,21
Nov-16,20
Oct-16,20
Sep-16,21
Aug-16,23
Jul-16,20
Jun-16,22
May-16,21
Apr-16,21
Mar-16,22
Feb-16,20
Jan-16,19
Dec-15,22
Nov-15,19
Oct-15,21
Sep-15,21
Aug-15,21
Jul-15,22
Jun-15,22
May-15,20
Apr-15,22
Mar-15,22
Feb-15,19
Jan-15,20
Dec-14,22
Nov-14,18
Oct-14,22
Sep-14,21
Aug-14,21
Jul-14,22
Jun-14,21
May-14,21
Apr-14,21
Mar-14,21
Feb-14,19
Jan-14,21
Dec-13,21
Nov-13,19
Oct-13,22
Sep-13,20
Aug-13,22
Jul-13,22
Jun-13,20
May-13,22
Apr-13,22
Mar-13,20
Feb-13,19
Jan-13,21
Dec-12,20
Nov-12,20
Oct-12,21
Sep-12,19
Aug-12,23
Jul-12,21
Jun-12,21
May-12,22
Apr-12,21
Mar-12,22
Feb-12,20
Jan-12,20
Dec-11,21
Nov-11,20
Oct-11,20
Sep-11,21
Aug-11,23
Jul-11,20
Jun-11,22
May-11,21
Apr-11,20
Mar-11,23
Feb-11,19
Jan-11,20
Dec-10,22
Nov-10,20
Oct-10,21
Sep-10,21
Aug-10,22
Jul-10,21
Jun-10,22
May-10,20
Apr-10,22
Mar-10,23
Feb-10,19
Jan-10,19
Dec-09,22
Nov-09,19
Oct-09,21
Sep-09,21
Aug-09,21
Jul-09,22
Jun-09,22
May-09,20
Apr-09,21
Mar-09,22
Feb-09,19
Jan-09,20
Dec-08,22
Nov-08,18
Oct-08,22
Sep-08,21
Aug-08,21
Jul-08,22
Jun-08,21
May-08,21
Apr-08,22
Mar-08,20
Feb-08,20
Jan-08,21
Dec-07,20
Nov-07,20
Oct-07,22
Sep-07,19
Aug-07,23
Jul-07,21
Jun-07,21
May-07,22
Apr-07,21
Mar-07,22
Feb-07,19
Jan-07,21
Dec-06,20
Nov-06,21
Oct-06,21
Sep-06,20
Aug-06,23
Jul-06,20
Jun-06,22
May-06,22
Apr-06,19
Mar-06,23
Feb-06,19
Jan-06,20
Dec-05,21
Nov-05,20
Oct-05,20
Sep-05,21
Aug-05,23
Jul-05,20
Jun-05,22
May-05,21
Apr-05,21
Mar-05,22
Feb-05,19
Jan-05,20
Dec-04,22
Nov-04,20
Oct-04,20
Sep-04,21
Aug-04,22
Jul-04,21
Jun-04,21
May-04,20
Apr-04,21
Mar-04,23
Feb-04,19
Jan-04,20
Dec-03,22
Nov-03,18
Oct-03,22
Sep-03,21
Aug-03,21
Jul-03,22
Jun-03,21
May-03,21
Apr-03,21
Mar-03,21
Feb-03,19
Jan-03,21
Dec-02,21
Nov-02,19
Oct-02,22
Sep-02,20
Aug-02,22
Jul-02,22
Jun-02,20
May-02,22
Apr-02,22
Mar-02,20
Feb-02,19
Jan-02,21
Dec-01,20
Nov-01,20
Oct-01,22
Sep-01,17
Aug-01,23
Jul-01,21
Jun-01,21
May-01,22
Apr-01,20
Mar-01,22
Feb-01,19
Jan-01,21
Dec-00,20
Nov-00,21
Oct-00,21
Sep-00,20
Aug-00,23
Jul-00,20
Jun-00,22
May-00,22
Apr-00,19
Mar-00,23
Feb-00,20
Jan-00,20
